{"name":"d62f5702-013a-4d88-9869-a9fc9627f160","id":"/providers/Microsoft.Flow/flows/d62f5702-013a-4d88-9869-a9fc9627f160","type":"Microsoft.Flow/flows","properties":{"apiId":"/providers/Microsoft.PowerApps/apis/shared_logicflows","displayName":"Move Files from PowerApps to ADLS Gen2","definition":{"metadata":{"workflowEntityId":null,"processAdvisorMetadata":null,"flowChargedByPaygo":null,"flowclientsuspensionreason":"None","flowclientsuspensiontime":null,"flowclientsuspensionreasondetails":null,"creator":{"id":"60885ec2-0b22-4554-98ce-3a3b47ea4ed5","type":"User","tenantId":"9b72319d-2787-4627-aa06-ec1cfe4f6496"},"provisioningMethod":"FromDefinition","failureAlertSubscription":true,"clientLastModifiedTime":"2025-09-17T18:09:28.6801711Z","connectionKeySavedTimeKey":"2025-12-17T08:28:01.1914398Z","creationSource":"Portal","modifiedSources":"Portal;PowerappsPpux;PowerAppsMaker"},"$schema":"https://schema.management.azure.com/providers/Microsoft.Logic/schemas/2016-06-01/workflowdefinition.json#","contentVersion":"undefined","parameters":{"$authentication":{"defaultValue":{},"type":"SecureObject"},"$connections":{"defaultValue":{},"type":"Object"}},"triggers":{"manual":{"metadata":{"operationMetadataId":"69919ec7-bf09-4e67-8ff3-24671ec0e3d0"},"type":"Request","kind":"PowerAppV2","inputs":{"schema":{"type":"object","properties":{"text":{"description":"Please enter your input","title":"Input","type":"string","x-ms-content-hint":"TEXT","x-ms-dynamically-added":true}},"required":["text"]}},"runtimeConfiguration":{"concurrency":{"runs":1}}}},"actions":{"Parse_JSON":{"runAfter":{"Compose":["Succeeded"]},"metadata":{"operationMetadataId":"747f5467-0abb-425e-baef-a816278c5a6c"},"type":"ParseJson","inputs":{"content":"@outputs('Compose')","schema":{"type":"array","items":{"type":"object","properties":{"base64":{"type":"string"},"Name":{"type":"string"}},"required":["base64","Name"]}}}},"Apply_to_each":{"foreach":"@body('Parse_JSON')","actions":{"Create_blob_(V2)":{"metadata":{"operationMetadataId":"e4f76ea4-07bf-4ae6-b5d1-0990cb34a041"},"type":"OpenApiConnection","inputs":{"parameters":{"dataset":"AccountNameFromSettings","folderPath":"/onedrive/Dropbox_ingest/","name":"@items('Apply_to_each')['Name']","body":"@base64ToBinary(items('Apply_to_each')['base64'])"},"host":{"apiId":"/providers/Microsoft.PowerApps/apis/shared_azureblob","connectionName":"shared_azureblob","operationId":"CreateFile_V2"},"authentication":"@parameters('$authentication')"},"runtimeConfiguration":{"contentTransfer":{"transferMode":"Chunked"}}}},"runAfter":{"Parse_JSON":["Succeeded"]},"metadata":{"operationMetadataId":"e4e8a9f1-809d-4430-bf5b-eef920112553"},"type":"Foreach"},"Create_a_pipeline_run":{"runAfter":{"Apply_to_each":["Succeeded"]},"metadata":{"operationMetadataId":"b47986f9-dad8-4fe0-b09c-47114be01f65"},"type":"OpenApiConnection","inputs":{"parameters":{"subscriptionId":"184a4be3-fd8f-494d-b7b0-5e91068a0f8f","resourceGroupName":"SP_Report_Loader","dataFactoryName":"spdatafactorybbh001","pipelineName":"powerapp_to_sql"},"host":{"apiId":"/providers/Microsoft.PowerApps/apis/shared_azuredatafactory","connectionName":"shared_azuredatafactory","operationId":"CreatePipelineRun"},"authentication":"@parameters('$authentication')"}},"Delay":{"runAfter":{"Create_a_pipeline_run":["Succeeded"]},"metadata":{"operationMetadataId":"fc23f9a9-a18b-447a-b998-b4b2bfd01b3b"},"type":"Wait","inputs":{"interval":{"count":1,"unit":"Minute"}}},"Do_until":{"actions":{"Delay_2":{"metadata":{"operationMetadataId":"638c1a09-ce5d-4575-a4a8-10754a393c5c"},"type":"Wait","inputs":{"interval":{"count":10,"unit":"Second"}}},"Get_a_pipeline_run":{"runAfter":{"Delay_2":["Succeeded"]},"metadata":{"operationMetadataId":"864071a3-ddfb-48a9-a242-d5dd04249aaa"},"type":"OpenApiConnection","inputs":{"parameters":{"subscriptionId":"184a4be3-fd8f-494d-b7b0-5e91068a0f8f","resourceGroupName":"SP_Report_Loader","dataFactoryName":"spdatafactorybbh001","pipelineRunName":"@outputs('Create_a_pipeline_run')?['body/runId']"},"host":{"apiId":"/providers/Microsoft.PowerApps/apis/shared_azuredatafactory","connectionName":"shared_azuredatafactory","operationId":"GetPipelineRun"},"authentication":"@parameters('$authentication')"}},"Set_variable":{"runAfter":{"Get_a_pipeline_run":["Succeeded"]},"metadata":{"operationMetadataId":"86d6a973-8c78-4d1d-94dd-f29e044b52ed"},"type":"SetVariable","inputs":{"name":"pipeStatus","value":"@outputs('Get_a_pipeline_run')?['body/status']"}}},"runAfter":{"Delay":["Succeeded"]},"expression":"@not(equals(variables('pipeStatus'), 'InProgress'))","limit":{"count":60,"timeout":"PT1H"},"metadata":{"operationMetadataId":"48e08413-782b-43f7-bafd-2202a211f2b0"},"type":"Until"},"Initialize_variable":{"runAfter":{},"metadata":{"operationMetadataId":"fd2b4645-b110-4c60-b168-60248b506f53"},"type":"InitializeVariable","inputs":{"variables":[{"name":"pipeStatus","type":"string","value":"InProgress"}]}},"Condition":{"actions":{"Respond_to_a_Power_App_or_flow":{"metadata":{"operationMetadataId":"080c91f3-ed1e-4560-9128-904b8271376e"},"type":"Response","kind":"PowerApp","inputs":{"schema":{"type":"object","properties":{"runstatus":{"title":"runStatus","x-ms-dynamically-added":true,"type":"string"},"errormessage":{"title":"ErrorMessage","x-ms-dynamically-added":true,"type":"string"}},"additionalProperties":{}},"statusCode":200,"body":{"runstatus":"Pass","errormessage":"NA"}},"operationOptions":"Asynchronous"}},"runAfter":{"Do_until":["Succeeded"]},"else":{"actions":{"Respond_to_a_Power_App_or_flow_2":{"metadata":{"operationMetadataId":"93eb0c1a-124e-4cc2-919c-d336988ead62"},"type":"Response","kind":"PowerApp","inputs":{"schema":{"type":"object","properties":{"runstatus":{"title":"runStatus","x-ms-dynamically-added":true,"type":"string"},"errormessage":{"title":"ErrorMessage","x-ms-dynamically-added":true,"type":"string"}},"additionalProperties":{}},"statusCode":200,"body":{"runstatus":"Fail","errormessage":"@outputs('Get_a_pipeline_run')?['body/message']"}},"operationOptions":"Asynchronous"}}},"expression":{"equals":["@variables('pipeStatus')","Succeeded"]},"metadata":{"operationMetadataId":"be7466ca-93f2-47d4-92a4-9d3957f14ad9"},"type":"If"},"Compose":{"runAfter":{"Initialize_variable":["Succeeded"]},"type":"Compose","inputs":"@replace(replace(string(triggerBody()?['text']),'\\n',''),'\\','')"}},"description":""},"connectionReferences":{"shared_azureblob":{"connectionName":"shared-azureblob-5b5b7ac0-58a9-468a-9453-9f7679473cfe","source":"Embedded","id":"/providers/Microsoft.PowerApps/apis/shared_azureblob","tier":"NotSpecified","apiName":"azureblob","isProcessSimpleApiReferenceConversionAlreadyDone":false},"shared_azuredatafactory":{"connectionName":"shared-azuredatafact-50dc1868-ca11-4a3b-8b4e-45394de64cb5","source":"Embedded","id":"/providers/Microsoft.PowerApps/apis/shared_azuredatafactory","tier":"NotSpecified","apiName":"azuredatafactory","isProcessSimpleApiReferenceConversionAlreadyDone":false}},"flowFailureAlertSubscribed":false,"isManaged":false}}