{"name":"c5b65daf-c286-42ba-b001-2faefc3d4d8a","id":"/providers/Microsoft.Flow/flows/c5b65daf-c286-42ba-b001-2faefc3d4d8a","type":"Microsoft.Flow/flows","properties":{"apiId":"/providers/Microsoft.PowerApps/apis/shared_logicflows","displayName":"Trigger SP for Payroll","definition":{"metadata":{"workflowEntityId":null,"processAdvisorMetadata":null,"flowChargedByPaygo":null,"flowclientsuspensionreason":"None","flowclientsuspensiontime":null,"flowclientsuspensionreasondetails":null,"creator":{"id":"60885ec2-0b22-4554-98ce-3a3b47ea4ed5","type":"User","tenantId":"9b72319d-2787-4627-aa06-ec1cfe4f6496"},"provisioningMethod":"FromDefinition","failureAlertSubscription":true,"clientLastModifiedTime":"2025-09-30T20:04:06.2748015Z","connectionKeySavedTimeKey":"2025-09-30T20:04:06.2748015Z","creationSource":"Portal","modifiedSources":"Portal"},"$schema":"https://schema.management.azure.com/providers/Microsoft.Logic/schemas/2016-06-01/workflowdefinition.json#","contentVersion":"undefined","parameters":{"$authentication":{"defaultValue":{},"type":"SecureObject"},"$connections":{"defaultValue":{},"type":"Object"}},"triggers":{"manual":{"type":"Request","kind":"PowerAppV2","inputs":{"schema":{"type":"object","properties":{"text":{"description":"Please enter your input","title":"StartDate","type":"string","x-ms-content-hint":"TEXT","x-ms-dynamically-added":true},"text_1":{"description":"Please enter your input","title":"EndDate","type":"string","x-ms-content-hint":"TEXT","x-ms-dynamically-added":true}},"required":["text","text_1"]}}}},"actions":{"Respond_to_a_Power_App_or_flow":{"runAfter":{"Execute_a_SQL_query_(V2)":["Succeeded"]},"type":"Response","kind":"PowerApp","inputs":{"schema":{"type":"object","properties":{"runstatus":{"title":"runstatus","type":"string","x-ms-content-hint":"TEXT","x-ms-dynamically-added":true}},"additionalProperties":{}},"statusCode":200,"body":{"runstatus":"Pass"}}},"Execute_a_SQL_query_(V2)":{"runAfter":{},"type":"OpenApiConnection","inputs":{"parameters":{"server":"default","database":"default","query/query":"@concat(\r\n  'EXEC [Payroll].[GeneratePayrollAndPTO] ',\r\n  '@StartDate = ''',triggerBody()?['text'], ''', ',\r\n  '@EndDate   = ''', triggerBody()?['text_1'], ''' ;'\r\n)\r\n"},"host":{"apiId":"/providers/Microsoft.PowerApps/apis/shared_sql","connectionName":"shared_sql","operationId":"ExecutePassThroughNativeQuery_V2"},"authentication":"@parameters('$authentication')"}}}},"connectionReferences":{"shared_sql":{"connectionName":"shared-sql-389f4ac3-4e91-4524-8c5c-4f610cf34785","source":"Embedded","id":"/providers/Microsoft.PowerApps/apis/shared_sql","tier":"NotSpecified","apiName":"sql","isProcessSimpleApiReferenceConversionAlreadyDone":false}},"flowFailureAlertSubscribed":false,"isManaged":false}}