{"schemaVersion":"1.0","appDefinitionTemplate":{"id":"/providers/Microsoft.PowerApps/apps/","type":"Microsoft.PowerApps/apps","tags":{"primaryDeviceWidth":"1229","primaryDeviceHeight":"768","supportsPortrait":"true","supportsLandscape":"true","primaryFormFactor":"Tablet","showStatusBar":"false","publisherVersion":"3.25112.11","minimumRequiredApiVersion":"2.2.0","hasComponent":"true","hasUnlockedComponent":"true","isUnifiedRootApp":"false","sienaVersion":"20251213T213612Z-3.25112.11.0"},"properties":{"appVersion":"2025-12-13T21:36:12Z","lifeCycleId":"Published","createdByClientVersion":{"major":3,"minor":25112,"build":11,"revision":0,"majorRevision":0,"minorRevision":0},"minClientVersion":{"major":3,"minor":25112,"build":11,"revision":0,"majorRevision":0,"minorRevision":0},"backgroundColor":"RGBA(0,176,240,1)","backgroundImageUri":"/17500838682655683960/Nc051639f-dafb-4db4-b2e5-ab30ef643633-logoSmallFile","displayName":"Unified Booking Portal","description":"Added TimeSelector with more fixes","commitMessage":"","appUris":{"documentUri":{"value":"/17500838682655683960/Nbea27900-0b05-48e5-b346-842ff8126865-document.msapp"},"imageUris":[],"additionalUris":[{"isSolutionAware":false,"value":"/17500838682655683960/N6e1e6ebc-fe93-4154-b9fb-aac12af03efb-identity.json"}]},"createdTime":"0001-01-01T00:00:00Z","lastModifiedTime":"0001-01-01T00:00:00Z","sharedGroupsCount":0,"sharedUsersCount":0,"connectionReferences":{"7573c8d6-6ffd-4bc8-9447-9f63f0286871":{"id":"27cad757-8693-4872-96aa-e9f2288558cc","displayName":"SharePoint","iconUri":"https://conn-afd-prod-endpoint-bmc9bqahasf3grgk.b01.azurefd.net/v1.0.1769/1.0.1769.4352/sharepointonline/icon.png","dataSources":["Bookings List","Location List","Users List","Room List"],"dependencies":[],"dependents":[],"parameterHints":{},"parameterHintsV2":{},"isOnPremiseConnection":false,"bypassConsent":false,"dataSets":{"https://bbhri4161.sharepoint.com/sites/UnifiedBookingPortal":{"dataSources":{"Bookings List":{"tableName":"8a193646-b713-4d59-96ba-0a888ca0b56c"},"Location List":{"tableName":"2ad26f48-56cc-4155-8629-45c007e8a6ed"},"Users List":{"tableName":"d3de4084-74c1-4ee2-8986-b54d943bad06"},"Room List":{"tableName":"2dd71593-888b-4113-b660-e06558b4422c"}}}},"apiTier":"Standard","isCustomApiConnection":false,"actions":["providers/PowerPlatform.Governance/Operations/Read","providers/PowerPlatform.Governance/Operations/Write"]}},"databaseReferences":{},"almMode":"Environment","performanceOptimizationEnabled":true,"canConsumeAppPass":true,"enableModernRuntimeMode":false,"executionRestrictions":{"isTeamsOnly":false,"dataLossPreventionEvaluationResult":{"status":"Compliant","lastEvaluationDate":"2025-10-13T10:09:55.4861871Z","violations":[],"violationsByPolicy":[],"violationErrorMessage":"The app uses the following connectors: ."}}},"isAppComponentLibrary":false,"appType":"ClassicCanvasApp","appComponents":[]}}