{"schemaVersion":"1.0","appDefinitionTemplate":{"id":"/providers/Microsoft.PowerApps/apps/","type":"Microsoft.PowerApps/apps","tags":{"primaryDeviceWidth":"1366","primaryDeviceHeight":"768","supportsPortrait":"true","supportsLandscape":"true","primaryFormFactor":"Tablet","showStatusBar":"false","publisherVersion":"3.25091.7","minimumRequiredApiVersion":"2.2.0","hasComponent":"false","hasUnlockedComponent":"false","isUnifiedRootApp":"false","sienaVersion":"20250917T180001Z-3.25091.7.0"},"properties":{"appVersion":"2025-09-17T18:00:01Z","lifeCycleId":"Published","createdByClientVersion":{"major":3,"minor":25091,"build":7,"revision":0,"majorRevision":0,"minorRevision":0},"minClientVersion":{"major":3,"minor":25091,"build":7,"revision":0,"majorRevision":0,"minorRevision":0},"backgroundColor":"RGBA(0,176,240,1)","backgroundImageUri":"/15972231840155166882/Nd0922d06-0535-4182-bb37-6baccfed60cd-logoSmallFile","displayName":"Process Payroll","commitMessage":"","appUris":{"documentUri":{"value":"/15972231840155166882/N66b8aae1-340a-4627-967c-f22f1b39df66-document.msapp"},"imageUris":[],"additionalUris":[{"isSolutionAware":false,"value":"/15972231840155166882/Nf2dc5ce8-14be-4c42-be11-d2489e332a9d-identity.json"}]},"createdTime":"0001-01-01T00:00:00Z","lastModifiedTime":"0001-01-01T00:00:00Z","sharedGroupsCount":0,"sharedUsersCount":0,"connectionReferences":{"4fe3c898-9981-440a-9643-79b41fdcbf1f":{"id":"fdacf845-c4d1-4851-8a5c-cb84a2954490","displayName":"SQL Server","runtimePolicyName":"8de4c4c7-0f5e-49fb-830f-e5ff017f91ef","executionRestrictions":{"version":2,"modifiedOn":"2025-09-17 17:59:57","appVer":"3.25091.7","apiId":"/providers/microsoft.powerapps/apis/shared_sql","apiVer":2,"policy":"{\"tabularActions\":{\"[paycor].[employeeaccrualactivitytemplate]\":[\"get\"],\"[payroll].[providerpayrollreport]\":[\"get\"],\"[report].[payroll_period]\":[\"get\"],\"[payroll].[payrollexceptionreport]\":[\"get\"],\"[payroll].[invalidemployeereport]\":[\"get\"],\"[report].[vw_tablecounts]\":[\"get\"],\"[paycor].[pointofsalesimporttemplate]\":[\"get\"],\"[report].[vw_appointments]\":[\"get\"],\"[report].[vw_payroll]\":[\"get\"],\"[report].[vw_payperiod]\":[\"get\"],\"[paycor].[employeeearningtemplateptorate]\":[\"get\"]},\"serviceActions\":[]}"},"iconUri":"https://conn-afd-prod-endpoint-bmc9bqahasf3grgk.b01.azurefd.net/v1.0.1767/1.0.1767.4334/sql/icon.png","dataSources":["Paycor.EmployeeAccrualActivityTemplate","Payroll.ProviderPayrollReport","Report.Payroll_Period","Payroll.PayrollExceptionReport","Payroll.InvalidEmployeeReport","Paycor.PointOfSalesImportTemplate","Report.vw_tableCounts","Report.Employee","Report.Appointments_Report","Report.vw_Appointments","Report.vw_payroll","Report.vw_PayPeriod","Paycor.EmployeeEarningTemplatePTORate"],"dependencies":[],"dependents":["f0a83df1-7b8f-4a47-8a8d-1b155babb223"],"parameterHints":{},"parameterHintsV2":{},"isOnPremiseConnection":false,"sharedConnectionId":"1440efbb-2af5-4afb-8efb-31eed4ab9eab","bypassConsent":false,"dataSets":{"bbhsqlserver.database.windows.net,BBH":{"dataSources":{"Paycor.EmployeeAccrualActivityTemplate":{"tableName":"[Paycor].[EmployeeAccrualActivityTemplate]"},"Payroll.ProviderPayrollReport":{"tableName":"[Payroll].[ProviderPayrollReport]"},"Report.Payroll_Period":{"tableName":"[Report].[Payroll_Period]"},"Payroll.PayrollExceptionReport":{"tableName":"[Payroll].[PayrollExceptionReport]"},"Payroll.InvalidEmployeeReport":{"tableName":"[Payroll].[InvalidEmployeeReport]"},"Paycor.PointOfSalesImportTemplate":{"tableName":"[Paycor].[PointOfSalesImportTemplate]"},"Report.vw_tableCounts":{"tableName":"[Report].[vw_tableCounts]"},"Report.Employee":{"tableName":"[Report].[Employee]"},"Report.Appointments_Report":{"tableName":"[Report].[Appointments_Report]"},"Report.vw_Appointments":{"tableName":"[Report].[vw_Appointments]"},"Report.vw_payroll":{"tableName":"[Report].[vw_payroll]"},"Report.vw_PayPeriod":{"tableName":"[Report].[vw_PayPeriod]"},"Paycor.EmployeeEarningTemplatePTORate":{"tableName":"[Paycor].[EmployeeEarningTemplatePTORate]"}}}},"apiTier":"Premium","isCustomApiConnection":false,"authenticationType":"sqlAuthentication","actions":["providers/PowerPlatform.Governance/Operations/Read"],"endpoints":["bbhsqlserver.database.windows.net,BBH"]},"460338a3-4c29-49ff-8245-d456d67a0ac0":{"id":"6e44b16d-9bdf-43cc-b68a-82a140c10f4b","displayName":"Logic flows","iconUri":"https://conn-afd-prod-endpoint-bmc9bqahasf3grgk.b01.azurefd.net/v1.0.1766/1.0.1766.4330/logicflows/icon.png","dataSources":["MoveFilesfromPowerAppstoADLSGen2"],"dependencies":["5c63fec5-3caa-489d-b62c-10879b958124","414c6c77-0cdd-4536-8207-02fae85ad159"],"dependents":[],"parameterHints":{"workflowName":{"value":"faf4fa3b-d2fc-4118-9199-a0912d2b147a"},"workflowEntityId":{},"workflowDisplayName":{"value":"Move Files from PowerApps to ADLS Gen2"},"5c63fec5-3caa-489d-b62c-10879b958124":{"value":"shared_azureblob"},"414c6c77-0cdd-4536-8207-02fae85ad159":{"value":"shared_azuredatafactory"}},"parameterHintsV2":{"workflowName":{"value":"faf4fa3b-d2fc-4118-9199-a0912d2b147a"},"workflowEntityId":{},"workflowDisplayName":{"value":"Move Files from PowerApps to ADLS Gen2"},"shared_azureblob":{"value":"5c63fec5-3caa-489d-b62c-10879b958124"},"shared_azuredatafactory":{"value":"414c6c77-0cdd-4536-8207-02fae85ad159"}},"isOnPremiseConnection":false,"bypassConsent":false,"dataSets":{},"apiTier":"Standard","isCustomApiConnection":false,"actions":["Run"],"nestedActions":[{"id":"/providers/Microsoft.PowerApps/apis/shared_azureblob/apiOperations/CreateFile_V2","flowConnectionRef":"shared_azureblob","apiName":"Azure Blob Storage","actionName":"CreateFile_V2","referencedResources":[]},{"id":"/providers/Microsoft.PowerApps/apis/shared_azuredatafactory/apiOperations/CreatePipelineRun","flowConnectionRef":"shared_azuredatafactory","apiName":"Azure Data Factory","actionName":"CreatePipelineRun","referencedResources":[]},{"id":"/providers/Microsoft.PowerApps/apis/shared_azuredatafactory/apiOperations/GetPipelineRun","flowConnectionRef":"shared_azuredatafactory","apiName":"Azure Data Factory","actionName":"GetPipelineRun","referencedResources":[]}]},"5c63fec5-3caa-489d-b62c-10879b958124":{"id":"e6dae4e3-98a6-4c62-88fa-ede3ddd96824","displayName":"Azure Blob Storage","runtimePolicyName":"9c4d7500-a793-4c55-9f7c-4025e018c1d9","executionRestrictions":{"version":1,"modifiedOn":"2025-09-17 17:59:57","appVer":"3.25091.7","apiId":"unknown","policy":"{\"type\":\"unused\"}"},"iconUri":"https://conn-afd-prod-endpoint-bmc9bqahasf3grgk.b01.azurefd.net/v1.0.1768/1.0.1768.4340/azureblob/icon.png","dataSources":[],"dependencies":[],"dependents":["460338a3-4c29-49ff-8245-d456d67a0ac0"],"parameterHints":{},"parameterHintsV2":{},"isOnPremiseConnection":false,"sharedConnectionId":"1cb58057-3076-4b1f-b195-e79311bdc903","bypassConsent":false,"dataSets":{},"apiTier":"Premium","isCustomApiConnection":false,"authenticationType":"keyBasedAuth"},"414c6c77-0cdd-4536-8207-02fae85ad159":{"id":"34d696b6-53e8-4794-a4bf-a472fcba1823","displayName":"Azure Data Factory","iconUri":"https://conn-afd-prod-endpoint-bmc9bqahasf3grgk.b01.azurefd.net/v1.0.1752/1.0.1752.4216/azuredatafactory/icon.png","dataSources":[],"dependencies":[],"dependents":["460338a3-4c29-49ff-8245-d456d67a0ac0"],"parameterHints":{},"parameterHintsV2":{},"isOnPremiseConnection":false,"bypassConsent":false,"dataSets":{},"apiTier":"Premium","isCustomApiConnection":false},"f0a83df1-7b8f-4a47-8a8d-1b155babb223":{"id":"6e44b16d-9bdf-43cc-b68a-82a140c10f4b","displayName":"Logic flows","iconUri":"https://conn-afd-prod-endpoint-bmc9bqahasf3grgk.b01.azurefd.net/v1.0.1766/1.0.1766.4330/logicflows/icon.png","dataSources":["TriggerSPforPayroll"],"dependencies":["4fe3c898-9981-440a-9643-79b41fdcbf1f"],"dependents":[],"parameterHints":{"workflowName":{"value":"42fd0063-60af-4948-9fbe-444bbbdb9178"},"workflowEntityId":{},"workflowDisplayName":{"value":"Trigger SP for Payroll"},"4fe3c898-9981-440a-9643-79b41fdcbf1f":{"value":"shared_sql"}},"parameterHintsV2":{"workflowName":{"value":"42fd0063-60af-4948-9fbe-444bbbdb9178"},"workflowEntityId":{},"workflowDisplayName":{"value":"Trigger SP for Payroll"},"shared_sql":{"value":"4fe3c898-9981-440a-9643-79b41fdcbf1f"}},"isOnPremiseConnection":false,"bypassConsent":false,"dataSets":{},"apiTier":"Standard","isCustomApiConnection":false,"actions":["Run"],"nestedActions":[{"id":"/providers/Microsoft.PowerApps/apis/shared_sql/apiOperations/ExecutePassThroughNativeQuery_V2","flowConnectionRef":"shared_sql","apiName":"SQL Server","actionName":"ExecutePassThroughNativeQuery_V2","referencedResources":[]}]},"c35c66d0-6787-4ef8-907f-8c46dabd01c3":{"id":"6e44b16d-9bdf-43cc-b68a-82a140c10f4b","displayName":"Logic flows","iconUri":"https://conn-afd-prod-endpoint-bmc9bqahasf3grgk.b01.azurefd.net/v1.0.1766/1.0.1766.4330/logicflows/icon.png","dataSources":["ExportPayrolltocsv"],"dependencies":[],"dependents":[],"parameterHints":{"workflowName":{"value":"7b56ad14-3767-4e76-a943-34ecb55238a0"},"workflowEntityId":{},"workflowDisplayName":{"value":"Export Payroll to csv"}},"parameterHintsV2":{"workflowName":{"value":"7b56ad14-3767-4e76-a943-34ecb55238a0"},"workflowEntityId":{},"workflowDisplayName":{"value":"Export Payroll to csv"}},"isOnPremiseConnection":false,"bypassConsent":false,"dataSets":{},"apiTier":"Standard","isCustomApiConnection":false,"actions":["Run"],"nestedActions":[{"id":"/providers/Microsoft.PowerApps/apis/shared_sql/apiOperations/ExecutePassThroughNativeQuery_V2","flowConnectionRef":"shared_sql","apiName":"SQL Server","actionName":"ExecutePassThroughNativeQuery_V2","referencedResources":[]},{"id":"/providers/Microsoft.PowerApps/apis/shared_onedriveforbusiness/apiOperations/ListFolderV2","flowConnectionRef":"shared_onedriveforbusiness","apiName":"OneDrive for Business","actionName":"ListFolderV2","referencedResources":[{"key":"fileId","value":"b!kSjeFXpkjkGwPXXqFWS1u3d4e-buZapBiRWnj5nTuauO-t7q1Fx4QbTVdQx1w4ng.01OPEZICFBFL6H53OMDNDJX7WKCKQ36PD3"}]},{"id":"/providers/Microsoft.PowerApps/apis/shared_onedriveforbusiness/apiOperations/CreateFile","flowConnectionRef":"shared_onedriveforbusiness","apiName":"OneDrive for Business","actionName":"CreateFile","referencedResources":[]},{"id":"/providers/Microsoft.PowerApps/apis/shared_onedriveforbusiness/apiOperations/CreateShareLinkByPathV2","flowConnectionRef":"shared_onedriveforbusiness","apiName":"OneDrive for Business","actionName":"CreateShareLinkByPathV2","referencedResources":[]},{"id":"/providers/Microsoft.PowerApps/apis/shared_onedriveforbusiness/apiOperations/DeleteFile","flowConnectionRef":"shared_onedriveforbusiness","apiName":"OneDrive for Business","actionName":"DeleteFile","referencedResources":[{"key":"fileId","value":"@items('Apply_to_each')?['Id']"}]}]}},"databaseReferences":{},"almMode":"Environment","performanceOptimizationEnabled":true,"canConsumeAppPass":true,"enableModernRuntimeMode":false,"executionRestrictions":{"isTeamsOnly":false,"dataLossPreventionEvaluationResult":{"status":"Compliant","lastEvaluationDate":"2025-09-17T18:20:26.6667553Z","violations":[],"violationsByPolicy":[],"violationErrorMessage":"The app uses the following connectors: shared_sql, shared_logicflows, shared_azureblob, shared_azuredatafactory."},"httpActionRestriction":{"appUsesSharepointHttpAction":false,"enforcementStrategy":"Legacy","evaluationTime":"2025-09-17T18:20:26.6665883Z"}}},"isAppComponentLibrary":false,"appType":"ClassicCanvasApp","appComponents":[]}}