{"name":"ea571d04-e57e-4e0a-9f90-8f4c7834052b","id":"/providers/Microsoft.Flow/flows/ea571d04-e57e-4e0a-9f90-8f4c7834052b","type":"Microsoft.Flow/flows","properties":{"apiId":"/providers/Microsoft.PowerApps/apis/shared_logicflows","displayName":"Export Payroll to csv","definition":{"metadata":{"workflowEntityId":null,"processAdvisorMetadata":null,"flowChargedByPaygo":null,"flowclientsuspensionreason":"None","flowclientsuspensiontime":null,"flowclientsuspensionreasondetails":null,"creator":{"id":"60885ec2-0b22-4554-98ce-3a3b47ea4ed5","type":"User","tenantId":"9b72319d-2787-4627-aa06-ec1cfe4f6496"},"provisioningMethod":"FromDefinition","failureAlertSubscription":true,"clientLastModifiedTime":"2025-09-17T18:53:50.3287469Z","connectionKeySavedTimeKey":"2025-12-17T00:12:02.8323342Z","creationSource":"PowerappsPpux","modifiedSources":"PowerappsPpux;Portal"},"$schema":"https://schema.management.azure.com/providers/Microsoft.Logic/schemas/2016-06-01/workflowdefinition.json#","contentVersion":"1.0.0.0","parameters":{"$authentication":{"defaultValue":{},"type":"SecureObject"},"$connections":{"defaultValue":{},"type":"Object"}},"triggers":{"manual":{"metadata":{"operationMetadataId":"e9ca5657-e853-4d91-922f-dcd4260fc1ec"},"type":"Request","kind":"PowerAppV2","inputs":{"schema":{"type":"object","properties":{},"required":[]}}}},"actions":{"Get_Tables":{"runAfter":{"Initialize_FolderPath":["Succeeded"]},"metadata":{"operationMetadataId":"49283176-9884-4f8c-96a2-42fc895d534e"},"type":"OpenApiConnection","inputs":{"parameters":{"server":"default","database":"default","query/query":"select * from Report.vw_tableCounts where RowsCount > 0"},"host":{"apiId":"/providers/Microsoft.PowerApps/apis/shared_sql","connectionName":"shared_sql","operationId":"ExecutePassThroughNativeQuery_V2"},"authentication":"@parameters('$authentication')"}},"Respond_to_a_Power_App_or_flow":{"runAfter":{"For_each":["Succeeded"]},"metadata":{"operationMetadataId":"eb51646a-49b3-4882-90ed-2eb5badee8fb"},"type":"Response","kind":"PowerApp","inputs":{"schema":{"type":"object","properties":{"downloadlink":{"title":"downloadLink","x-ms-dynamically-added":true,"type":"string"},"folder":{"title":"Folder","type":"string","x-ms-content-hint":"TEXT","x-ms-dynamically-added":true}},"additionalProperties":{}},"statusCode":200,"body":{"downloadlink":"@{variables('files')}","folder":"@{variables('FolderPath')}"}}},"For_each":{"foreach":"@outputs('Get_Tables')?['body/resultsets/Table1']","actions":{"Get_Rows":{"type":"OpenApiConnection","inputs":{"parameters":{"server":"default","database":"default","query/query":"@concat('select * from ',item()?['schema_table'])"},"host":{"apiId":"/providers/Microsoft.PowerApps/apis/shared_sql","connectionName":"shared_sql","operationId":"ExecutePassThroughNativeQuery_V2"},"authentication":"@parameters('$authentication')"}},"Create_CSV_table":{"runAfter":{"Get_Rows":["Succeeded"]},"metadata":{"operationMetadataId":"f357fe3f-f2bb-46b2-8e2c-c112d0c4b12b"},"type":"Table","inputs":{"from":"@body('Get_Rows')?['resultSets']?['Table1']\r\n","format":"CSV"}},"Create_file":{"runAfter":{"Create_CSV_table":["Succeeded"]},"metadata":{"operationMetadataId":"a3f633bf-3adb-4c1d-9e3e-3270f6618e07"},"type":"OpenApiConnection","inputs":{"parameters":{"folderPath":"/PayrollProcessingSystem/Export_Payroll","name":"@concat(item()?['TableName'],'.csv')","body":"@body('Create_CSV_table')"},"host":{"apiId":"/providers/Microsoft.PowerApps/apis/shared_onedriveforbusiness","connectionName":"shared_onedriveforbusiness","operationId":"CreateFile"},"authentication":"@parameters('$authentication')"},"runtimeConfiguration":{"contentTransfer":{"transferMode":"Chunked"}}},"Create_share_link_by_path":{"runAfter":{"Create_file":["Succeeded"]},"metadata":{"operationMetadataId":"0b2c0ca3-37be-4f14-af09-5bac7d6c3a86"},"type":"OpenApiConnection","inputs":{"parameters":{"path":"@concat('/PayrollProcessingSystem/Export_Payroll/',outputs('Create_file')?['body/Name'])","type":"View","scope":"Organization"},"host":{"apiId":"/providers/Microsoft.PowerApps/apis/shared_onedriveforbusiness","connectionName":"shared_onedriveforbusiness","operationId":"CreateShareLinkByPathV2"},"authentication":"@parameters('$authentication')"}},"Append_to_array_variable":{"runAfter":{"Create_share_link_for_folder":["Succeeded"]},"type":"AppendToArrayVariable","inputs":{"name":"files","value":"@concat(outputs('Create_share_link_by_path')?['body/WebUrl'],'?download=1')"}},"Set_variable":{"runAfter":{"Append_to_array_variable":["Succeeded"]},"type":"SetVariable","inputs":{"name":"FolderPath","value":"@outputs('Create_share_link_for_folder')?['body/WebUrl']"}},"Create_share_link_for_folder":{"runAfter":{"Create_share_link_by_path":["Succeeded"]},"type":"OpenApiConnection","inputs":{"parameters":{"path":"/PayrollProcessingSystem/Export_Payroll/","type":"View","scope":"Organization"},"host":{"apiId":"/providers/Microsoft.PowerApps/apis/shared_onedriveforbusiness","connectionName":"shared_onedriveforbusiness","operationId":"CreateShareLinkByPathV2"},"authentication":"@parameters('$authentication')"}}},"runAfter":{"Apply_to_each":["Succeeded"]},"type":"Foreach"},"Initialize_files":{"runAfter":{},"type":"InitializeVariable","inputs":{"variables":[{"name":"files","type":"array"}]}},"Initialize_FolderPath":{"runAfter":{"Initialize_files":["Succeeded"]},"type":"InitializeVariable","inputs":{"variables":[{"name":"FolderPath","type":"string"}]}},"List_files_in_folder":{"runAfter":{"Get_Tables":["Succeeded"]},"metadata":{"b!kSjeFXpkjkGwPXXqFWS1u3d4e-buZapBiRWnj5nTuauO-t7q1Fx4QbTVdQx1w4ng.01OPEZICFBFL6H53OMDNDJX7WKCKQ36PD3":"/PayrollProcessingSystem/Export_Payroll"},"type":"OpenApiConnection","inputs":{"parameters":{"id":"b!kSjeFXpkjkGwPXXqFWS1u3d4e-buZapBiRWnj5nTuauO-t7q1Fx4QbTVdQx1w4ng.01OPEZICFBFL6H53OMDNDJX7WKCKQ36PD3"},"host":{"apiId":"/providers/Microsoft.PowerApps/apis/shared_onedriveforbusiness","connectionName":"shared_onedriveforbusiness","operationId":"ListFolderV2"},"authentication":"@parameters('$authentication')"}},"Apply_to_each":{"foreach":"@outputs('List_files_in_folder')?['body/value']","actions":{"Delete_file":{"type":"OpenApiConnection","inputs":{"parameters":{"id":"@items('Apply_to_each')?['Id']"},"host":{"apiId":"/providers/Microsoft.PowerApps/apis/shared_onedriveforbusiness","connectionName":"shared_onedriveforbusiness","operationId":"DeleteFile"},"authentication":"@parameters('$authentication')"}}},"runAfter":{"List_files_in_folder":["Succeeded"]},"type":"Foreach"}}},"connectionReferences":{"shared_sql":{"connectionName":"shared-sql-389f4ac3-4e91-4524-8c5c-4f610cf34785","source":"Embedded","id":"/providers/Microsoft.PowerApps/apis/shared_sql","tier":"NotSpecified","apiName":"sql","isProcessSimpleApiReferenceConversionAlreadyDone":false},"shared_onedriveforbusiness":{"connectionName":"shared-onedriveforbu-7ccae2e5-3c0f-4544-8eb1-114e3abf4e22","source":"Embedded","id":"/providers/Microsoft.PowerApps/apis/shared_onedriveforbusiness","tier":"NotSpecified","apiName":"onedriveforbusiness","isProcessSimpleApiReferenceConversionAlreadyDone":false}},"flowFailureAlertSubscribed":false,"isManaged":false}}